Question,Answer,Category
واش الصداع ديما كيعني شي مرض خطير؟,الصداع عندو أسباب كثيرة وماشي ديما كيعني مرض خطير. إلا كان قوي بزاف أو جا مع أعراض مقلقة خاص استشارة طبيب.,Neurology
شنو نقدر ندير إلا كان عندي الزكام؟,الراحة وشرب الماء والسوائل الدافئة يقدرو يساعدو. إلا طالت الأعراض أو تزادت خاص استشارة طبيب.,General Medicine
واش قلة النعاس كتأثر على الصحة؟,نعم، قلة النعاس تقدر تأثر على التركيز والمزاج والطاقة. تنظيم وقت النوم مهم للصحة العامة.,General Medicine
عندي ألم خفيف فالمعدة من بعد الماكلة,ألم المعدة من بعد الماكلة يقدر يكون عندو أسباب مختلفة. إلا تكرر بزاف أو كان قوي خاص تقييم طبي.,Gastroenterology
واش المشي كل نهار مزيان؟,المشي بانتظام نشاط مفيد للصحة العامة وكيقدر يساعد على اللياقة والحركة، حسب الحالة الصحية ديال الشخص.,General Medicine
شنو معنى ضغط الدم المرتفع؟,ضغط الدم المرتفع هو ملي كيبقى ضغط الدم أعلى من المستوى المتوقع بشكل متكرر وكيحتاج متابعة وقياسات صحيحة.,Cardiology
واش خاص نشرب الماء بزاف فالحر؟,فالأجواء الحارة كيزيد احتياج الجسم للسوائل، ولكن الكمية المناسبة كتختلف حسب النشاط والحالة الصحية.,General Medicine
علاش كنحس بالتعب بزاف؟,التعب عندو أسباب كثيرة بحال قلة النوم أو المجهود أو أسباب صحية أخرى. إلا استمر خاص تقييم طبي.,General Medicine
واش الحساسية كتقدر تسبب الحكة؟,نعم، بعض أنواع الحساسية تقدر تسبب الحكة والاحمرار، ولكن السبب الدقيق كيحتاج تقييم حسب الأعراض.,Allergy
شنو ندير إلا كانت عندي سخانة؟,قياس الحرارة والراحة وشرب السوائل مهمين. إلا كانت الحرارة مرتفعة بزاف أو مستمرة أو مع أعراض خطيرة خاص استشارة طبية.,General Medicine
واش الرياضة مهمة للقلب؟,النشاط البدني المنتظم كيقدر يكون مفيد لصحة القلب عند بزاف ديال الناس، مع مراعاة الحالة الصحية الفردية.,Cardiology
واش ألم الظهر كيحتاج الطبيب؟,إلا كان الألم خفيف ومؤقت ممكن يتحسن، ولكن الألم القوي أو المستمر أو المصحوب بأعراض أخرى خاصو تقييم طبي.,Rheumatology
شنو هي أعراض الجفاف؟,الجفاف يقدر يسبب العطش وجفاف الفم وقلة البول والدوخة. الحالات الشديدة كتحتاج عناية طبية.,General Medicine
واش التوتر كيأثر على النوم؟,نعم، التوتر يقدر يصعب النوم أو يسبب الاستيقاظ المتكرر. تنظيم النوم وتقليل التوتر يقدرو يساعدو.,Mental Health
كنحس بحريق فالمعدة,حريق المعدة يقدر يكون مرتبط بالحموضة أو أسباب أخرى. إلا تكرر أو كان قوي خاص استشارة مختص.,Gastroenterology
واش السكر فالدم خاصو قياس منتظم؟,القياس المنتظم كيكون مهم خصوصا عند الأشخاص اللي عندهم مشاكل فسكر الدم وبحسب توصيات الطبيب.,Endocrinology
شنو الفرق بين الزكام والأنفلونزا؟,الزكام والأنفلونزا بجوج عدوى تنفسية ولكن الأنفلونزا غالبا كتكون بأعراض أقوى وبداية أسرع.,Respiratory
واش الأطفال خاصهم يشربو الماء بانتظام؟,نعم، الترطيب مهم للأطفال، والاحتياجات كتختلف حسب العمر والنشاط والجو.,Pediatrics
عندي كحة خفيفة من يومين,الكحة الخفيفة تقدر تكون مرتبطة بعدوى بسيطة أو تهيج. إلا طالت أو تزادت أو جا معها ضيق نفس خاص تقييم طبي.,Respiratory
واش ألم الأسنان يقدر يمشي بوحدو؟,بعض الآلام كتخف مؤقتا ولكن السبب ديال ألم الأسنان يقدر يحتاج فحص عند طبيب الأسنان.,Dentistry
شنو أهمية الفطور؟,الفطور يقدر يساعد بعض الناس على تنظيم الطاقة خلال النهار، ولكن النظام الغذائي الكامل هو الأهم.,Nutrition
واش الوزن كيتأثر بالنوم؟,النوم كيدخل ضمن عوامل كثيرة كتأثر على الشهية والطاقة والوزن، مع التغذية والنشاط البدني.,Nutrition
كنحس بدوخة ملي كنوقف بسرعة,الدوخة عند الوقوف بسرعة تقدر تكون مرتبطة بانخفاض مؤقت فضغط الدم أو أسباب أخرى. إلا تكررت خاص تقييم طبي.,Cardiology
واش خاص ندير تحاليل كل عام؟,الحاجة للتحاليل كتختلف حسب العمر والتاريخ الصحي والأعراض وعوامل الخطر، والأفضل تتحدد مع الطبيب.,General Medicine
شنو ندير إلا كان عندي ألم فالركبة من الرياضة؟,الراحة المؤقتة وتجنب المجهود اللي كيزيد الألم يمكن يساعد، لكن الألم المستمر أو التورم خاصو تقييم طبي.,Orthopedics
واش القلق يقدر يدير خفقان القلب؟,القلق يقدر يرافقو إحساس بالخفقان عند بعض الناس، لكن الخفقان المتكرر أو القوي خاصو تقييم طبي.,Mental Health
عندي جفاف فالجلد,جفاف الجلد شائع وقد يتحسن بالترطيب وتجنب المهيجات. إلا كان شديد أو مع التهاب خاص تقييم جلدي.,Dermatology
واش ألم الأذن عند الطفل خاصو الطبيب؟,ألم الأذن عند الطفل يقدر يكون عندو أسباب مختلفة. إلا كان قوي أو مع سخانة أو استمر خاص فحص طبي.,Pediatrics
شنو هي أهمية الخضر والفواكه؟,الخضر والفواكه كيساهمو فتنوع النظام الغذائي وكيعطيو ألياف وفيتامينات ومعادن.,Nutrition
واش التدخين كيأثر على التنفس؟,نعم، التدخين يقدر يضر الجهاز التنفسي ويزيد مخاطر مشاكل صحية متعددة.,Respiratory
